{
    "prc": [
        {
            "precision": 0.019560557341907824,
            "recall": 1.0,
            "threshold": 0.0
        },
        {
            "precision": 1.0,
            "recall": 0.00684931506849315,
            "threshold": 1.0
        }
    ]
}