{
    "avg_prec": 0.49600332274285086,
    "roc_auc": 0.9580935729876042
}