{
    "avg_prec": 0.02627589599025092,
    "roc_auc": 0.5034246575342466
}